FechaMensual,CodigoEstacion,Valor
2006-01-01,52065020,712.0
2006-02-01,52065020,439.0
2006-03-01,52065020,669.6
2006-04-01,52065020,745.3
2006-05-01,52065020,504.9
2006-11-01,52065020,799.3
2006-12-01,52065020,592.3
2007-01-01,52065020,561.5
2007-02-01,52065020,172.3
2007-03-01,52065020,983.5
2007-04-01,52065020,877.1
2007-05-01,52065020,1094.4
2007-06-01,52065020,725.0
2007-07-01,52065020,610.2
2007-08-01,52065020,580.3
2007-09-01,52065020,245.4
2007-10-01,52065020,388.0
2007-11-01,52065020,377.6
2007-12-01,52065020,365.6
2008-01-01,52065020,803.6
2008-02-01,52065020,569.3
2008-03-01,52065020,431.0
2008-04-01,52065020,1080.9
2008-05-01,52065020,888.6
2008-06-01,52065020,1070.9
2008-07-01,52065020,824.5
2008-08-01,52065020,941.1
2008-09-01,52065020,477.3
2008-10-01,52065020,507.1
2008-11-01,52065020,217.6
2008-12-01,52065020,232.3
2009-01-01,52065020,727.4
2009-02-01,52065020,362.3
2009-03-01,52065020,663.1
2009-04-01,52065020,374.2
2009-05-01,52065020,508.3
2009-06-01,52065020,302.8
2009-07-01,52065020,387.9
2009-08-01,52065020,893.0
2009-09-01,52065020,144.9
2009-10-01,52065020,237.4
2009-11-01,52065020,125.3
2009-12-01,52065020,719.7
2010-01-01,52065020,560.9
2010-02-01,52065020,607.8
2010-03-01,52065020,760.5
2010-04-01,52065020,1038.1
2010-05-01,52065020,575.5
2010-06-01,52065020,740.7
2010-07-01,52065020,606.6
2010-08-01,52065020,426.9
2010-09-01,52065020,616.2
2010-10-01,52065020,248.1
2010-11-01,52065020,582.9
2010-12-01,52065020,908.6
2011-01-01,52065020,786.2
2011-02-01,52065020,350.9
2011-03-01,52065020,428.2
2011-04-01,52065020,641.1
2011-05-01,52065020,382.9
2011-06-01,52065020,568.9
2011-07-01,52065020,726.8
2011-08-01,52065020,408.5
2011-09-01,52065020,447.6
2011-10-01,52065020,604.2
2011-11-01,52065020,87.1
2011-12-01,52065020,277.9
2012-01-01,52065020,919.6
2012-02-01,52065020,519.9
2012-03-01,52065020,668.8
2012-04-01,52065020,753.2
2012-05-01,52065020,1029.8
2012-06-01,52065020,462.6
2012-07-01,52065020,313.8
2012-08-01,52065020,109.8
2012-09-01,52065020,281.7
2013-06-01,52065020,359.8
2013-07-01,52065020,381.8
2013-08-01,52065020,277.5
2013-09-01,52065020,313.5
2013-10-01,52065020,482.4
2013-11-01,52065020,149.8
2013-12-01,52065020,296.6
2014-01-01,52065020,826.6
2014-03-01,52065020,850.6
2014-04-01,52065020,653.5
2014-05-01,52065020,1042.1
2014-06-01,52065020,696.1
2014-07-01,52065020,286.1
2014-08-01,52065020,634.8
2014-09-01,52065020,420.3
2014-10-01,52065020,973.9
2014-11-01,52065020,338.6
2014-12-01,52065020,542.5
2015-01-01,52065020,547.8
2015-02-01,52065020,625.3
2015-03-01,52065020,407.1
2015-04-01,52065020,849.4
2015-05-01,52065020,918.8
2015-06-01,52065020,175.1
2015-07-01,52065020,569.0
2015-08-01,52065020,495.4
2015-09-01,52065020,337.4
2015-10-01,52065020,868.6
2015-11-01,52065020,843.6
2015-12-01,52065020,719.3
2006-01-01,52040160,282.8
2006-02-01,52040160,191.8
2006-03-01,52040160,255.1
2006-04-01,52040160,247.2
2006-05-01,52040160,30.0
2006-06-01,52040160,155.0
2006-07-01,52040160,36.0
2006-08-01,52040160,7.6
2006-09-01,52040160,9.5
2006-10-01,52040160,200.3
2006-11-01,52040160,396.2
2006-12-01,52040160,351.1
2007-01-01,52040160,107.5
2007-02-01,52040160,48.6
2007-03-01,52040160,279.0
2007-04-01,52040160,273.4
2007-05-01,52040160,137.4
2007-06-01,52040160,87.8
2007-07-01,52040160,47.4
2007-08-01,52040160,24.8
2007-09-01,52040160,7.4
2007-10-01,52040160,337.0
2007-11-01,52040160,348.1
2007-12-01,52040160,351.8
2008-01-01,52040160,332.1
2008-02-01,52040160,264.0
2008-03-01,52040160,248.5
2008-04-01,52040160,295.2
2008-05-01,52040160,229.8
2008-06-01,52040160,51.0
2008-07-01,52040160,24.9
2008-08-01,52040160,44.2
2008-09-01,52040160,32.8
2008-10-01,52040160,289.3
2008-11-01,52040160,320.6
2008-12-01,52040160,274.7
2009-01-01,52040160,338.8
2009-02-01,52040160,221.6
2009-03-01,52040160,219.9
2009-04-01,52040160,128.7
2009-05-01,52040160,106.2
2009-06-01,52040160,41.8
2009-07-01,52040160,14.9
2009-08-01,52040160,33.6
2009-09-01,52040160,24.3
2009-10-01,52040160,187.7
2009-11-01,52040160,302.6
2009-12-01,52040160,260.9
2010-01-01,52040160,36.8
2010-02-01,52040160,96.2
2010-03-01,52040160,47.4
2010-04-01,52040160,231.2
2010-05-01,52040160,231.4
2010-06-01,52040160,83.6
2010-07-01,52040160,144.5
2010-08-01,52040160,8.1
2010-09-01,52040160,58.4
2010-10-01,52040160,143.0
2010-11-01,52040160,463.0
2010-12-01,52040160,280.1
2011-01-01,52040160,147.3
2011-02-01,52040160,295.4
2011-03-01,52040160,180.0
2011-04-01,52040160,269.1
2011-05-01,52040160,153.8
2011-06-01,52040160,86.5
2011-07-01,52040160,87.7
2011-08-01,52040160,16.8
2011-09-01,52040160,84.3
2011-10-01,52040160,229.5
2011-11-01,52040160,284.5
2011-12-01,52040160,381.0
2012-01-01,52040160,357.3
2012-02-01,52040160,251.0
2012-03-01,52040160,182.8
2012-04-01,52040160,207.1
2012-05-01,52040160,13.8
2012-06-01,52040160,22.5
2012-09-01,52040160,14.0
2012-10-01,52040160,172.8
2012-11-01,52040160,283.3
2013-01-01,52040160,63.2
2013-02-01,52040160,361.6
2013-03-01,52040160,103.0
2013-04-01,52040160,111.9
2013-05-01,52040160,263.0
2013-06-01,52040160,17.0
2013-07-01,52040160,15.9
2013-08-01,52040160,19.0
2013-09-01,52040160,21.8
2013-10-01,52040160,185.2
2013-11-01,52040160,185.5
2013-12-01,52040160,363.5
2014-01-01,52040160,206.0
2014-02-01,52040160,122.4
2014-03-01,52040160,209.2
2014-04-01,52040160,84.5
2014-05-01,52040160,321.5
2014-06-01,52040160,57.8
2014-07-01,52040160,14.5
2014-08-01,52040160,6.3
2014-09-01,52040160,68.3
2014-10-01,52040160,221.3
2014-11-01,52040160,254.1
2014-12-01,52040160,331.8
2015-01-01,52040160,133.2
2015-02-01,52040160,51.1
2015-03-01,52040160,232.2
2015-04-01,52040160,144.3
2015-05-01,52040160,40.2
2015-06-01,52040160,12.1
2015-07-01,52040160,10.8
2015-08-01,52040160,2.5
2015-09-01,52040160,5.3
2015-10-01,52040160,139.8
2015-11-01,52040160,302.9
2015-12-01,52040160,0.0
2006-01-01,51035020,276.4
2006-02-01,51035020,488.9
2006-03-01,51035020,200.4
2006-04-01,51035020,131.0
2006-05-01,51035020,93.3
2006-06-01,51035020,258.7
2006-07-01,51035020,79.7
2006-08-01,51035020,79.3
2006-09-01,51035020,231.9
2006-10-01,51035020,153.7
2006-11-01,51035020,354.4
2006-12-01,51035020,75.4
2007-01-01,51035020,220.5
2007-02-01,51035020,156.3
2007-03-01,51035020,317.4
2007-04-01,51035020,343.9
2007-05-01,51035020,858.1
2007-06-01,51035020,451.2
2007-07-01,51035020,101.1
2007-08-01,51035020,137.9
2007-09-01,51035020,20.7
2007-10-01,51035020,144.5
2007-11-01,51035020,56.7
2007-12-01,51035020,150.7
2008-01-01,51035020,496.2
2008-02-01,51035020,218.7
2008-03-01,51035020,440.0
2008-04-01,51035020,153.7
2008-05-01,51035020,304.7
2008-06-01,51035020,196.7
2008-07-01,51035020,193.8
2008-08-01,51035020,296.3
2008-09-01,51035020,119.0
2008-10-01,51035020,156.7
2008-11-01,51035020,93.7
2008-12-01,51035020,216.6
2009-01-01,51035020,458.8
2009-02-01,51035020,304.5
2009-03-01,51035020,209.0
2009-04-01,51035020,385.9
2009-05-01,51035020,138.9
2009-06-01,51035020,21.1
2009-07-01,51035020,88.2
2009-08-01,51035020,162.6
2009-09-01,51035020,17.2
2009-10-01,51035020,157.7
2009-11-01,51035020,20.1
2009-12-01,51035020,220.5
2010-01-01,51035020,608.3
2010-02-01,51035020,349.9
2010-03-01,51035020,289.5
2010-04-01,51035020,414.6
2010-05-01,51035020,168.4
2010-06-01,51035020,387.6
2010-07-01,51035020,175.4
2010-08-01,51035020,79.8
2010-09-01,51035020,225.9
2010-10-01,51035020,25.7
2010-12-01,51035020,570.1
2011-01-01,51035020,362.1
2011-02-01,51035020,112.3
2011-03-01,51035020,176.6
2011-04-01,51035020,289.4
2011-05-01,51035020,135.4
2011-06-01,51035020,178.9
2011-07-01,51035020,326.3
2011-08-01,51035020,149.2
2011-09-01,51035020,45.4
2011-10-01,51035020,113.4
2011-11-01,51035020,5.7
2011-12-01,51035020,92.5
2012-01-01,51035020,443.5
2012-02-01,51035020,258.8
2012-03-01,51035020,60.2
2012-04-01,51035020,128.6
2012-05-01,51035020,526.9
2012-06-01,51035020,227.0
2012-07-01,51035020,59.4
2012-08-01,51035020,6.3
2012-09-01,51035020,28.7
2012-10-01,51035020,47.9
2012-11-01,51035020,46.0
2012-12-01,51035020,38.8
2013-01-01,51035020,359.9
2013-02-01,51035020,85.1
2013-03-01,51035020,193.1
2013-04-01,51035020,348.4
2013-05-01,51035020,455.2
2013-06-01,51035020,85.2
2013-07-01,51035020,137.8
2013-08-01,51035020,44.4
2013-09-01,51035020,49.9
2013-11-01,51035020,12.6
2013-12-01,51035020,14.5
2014-01-01,51035020,111.7
2014-02-01,51035020,434.7
2014-03-01,51035020,219.0
2014-04-01,51035020,181.1
2014-05-01,51035020,458.9
2014-06-01,51035020,603.3
2014-07-01,51035020,54.5
2014-08-01,51035020,121.6
2014-09-01,51035020,79.2
2014-10-01,51035020,57.8
2014-11-01,51035020,20.6
2014-12-01,51035020,67.7
2015-01-01,51035020,125.1
2015-02-01,51035020,119.3
2015-03-01,51035020,183.2
2015-04-01,51035020,360.1
2015-05-01,51035020,206.1
2015-06-01,51035020,179.9
2015-07-01,51035020,243.2
2015-08-01,51035020,144.9
2015-09-01,51035020,15.9
2015-10-01,51035020,220.3
2015-11-01,51035020,220.2
2015-12-01,51035020,300.2
2006-01-01,53020010,291.0
2006-02-01,53020010,369.0
2006-03-01,53020010,126.0
2006-04-01,53020010,358.0
2006-05-01,53020010,251.0
2006-06-01,53020010,288.0
2006-07-01,53020010,95.0
2006-08-01,53020010,277.0
2006-09-01,53020010,292.0
2006-10-01,53020010,282.0
2006-11-01,53020010,503.0
2006-12-01,53020010,261.0
2007-01-01,53020010,443.0
2007-02-01,53020010,222.0
2007-03-01,53020010,520.0
2007-04-01,53020010,335.0
2007-05-01,53020010,700.0
2007-06-01,53020010,693.0
2007-07-01,53020010,332.0
2007-08-01,53020010,419.0
2007-09-01,53020010,144.5
2007-10-01,53020010,234.0
2007-11-01,53020010,185.0
2007-12-01,53020010,341.0
2008-01-01,53020010,582.3
2008-02-01,53020010,431.0
2008-03-01,53020010,345.0
2008-04-01,53020010,364.0
2008-05-01,53020010,554.0
2008-06-01,53020010,671.0
2008-07-01,53020010,522.0
2008-08-01,53020010,471.9
2008-09-01,53020010,314.0
2008-10-01,53020010,467.0
2008-11-01,53020010,115.0
2008-12-01,53020010,250.0
2009-01-01,53020010,516.0
2009-02-01,53020010,340.0
2009-03-01,53020010,179.0
2009-04-01,53020010,241.0
2009-05-01,53020010,176.0
2009-06-01,53020010,258.0
2009-07-01,53020010,311.0
2009-08-01,53020010,474.0
2009-09-01,53020010,123.0
2009-10-01,53020010,205.0
2009-11-01,53020010,254.0
2009-12-01,53020010,494.0
2010-01-01,53020010,262.0
2010-02-01,53020010,547.0
2010-03-01,53020010,350.0
2010-04-01,53020010,374.0
2010-05-01,53020010,299.0
2010-06-01,53020010,760.0
2010-07-01,53020010,470.0
2010-08-01,53020010,502.0
2010-09-01,53020010,305.0
2011-01-01,53020010,541.0
2011-02-01,53020010,30.0
2011-03-01,53020010,414.0
2012-08-01,53020010,169.0
2012-09-01,53020010,140.0
2012-10-01,53020010,355.0
2012-11-01,53020010,318.0
2012-12-01,53020010,365.0
2013-01-01,53020010,783.0
2013-02-01,53020010,146.0
2013-03-01,53020010,322.0
2013-04-01,53020010,502.0
2013-05-01,53020010,529.0
2013-06-01,53020010,227.0
2013-07-01,53020010,146.0
2013-08-01,53020010,271.0
2013-09-01,53020010,172.0
2013-10-01,53020010,204.0
2013-11-01,53020010,157.0
2013-12-01,53020010,123.0
2014-01-01,53020010,389.0
2014-02-01,53020010,311.0
2014-03-01,53020010,238.0
2014-04-01,53020010,424.0
2014-05-01,53020010,418.0
2014-06-01,53020010,609.0
2014-07-01,53020010,331.0
2014-08-01,53020010,421.0
2014-09-01,53020010,218.0
2014-10-01,53020010,368.0
2014-11-01,53020010,163.0
2014-12-01,53020010,417.0
2015-01-01,53020010,294.0
2015-02-01,53020010,277.0
2015-03-01,53020010,169.0
2015-04-01,53020010,343.0
2015-05-01,53020010,467.0
2015-06-01,53020010,379.0
2015-07-01,53020010,613.0
2015-08-01,53020010,163.0
2015-09-01,53020010,122.0
2015-10-01,53020010,576.0
2015-11-01,53020010,354.0
2015-12-01,53020010,122.0
2006-01-01,52050130,72.5
2006-02-01,52050130,47.9
2006-03-01,52050130,157.8
2006-04-01,52050130,180.9
2006-05-01,52050130,67.2
2006-06-01,52050130,83.7
2006-07-01,52050130,27.5
2006-08-01,52050130,20.4
2006-09-01,52050130,36.6
2006-10-01,52050130,44.0
2006-11-01,52050130,206.2
2006-12-01,52050130,160.3
2007-01-01,52050130,62.8
2007-02-01,52050130,56.6
2007-03-01,52050130,166.3
2007-04-01,52050130,141.6
2007-05-01,52050130,140.7
2007-06-01,52050130,67.1
2007-07-01,52050130,54.0
2007-08-01,52050130,46.0
2007-09-01,52050130,20.2
2007-10-01,52050130,174.0
2007-11-01,52050130,189.4
2007-12-01,52050130,129.4
2008-01-01,52050130,101.4
2008-02-01,52050130,88.7
2008-03-01,52050130,121.8
2008-04-01,52050130,206.4
2008-05-01,52050130,226.8
2008-06-01,52050130,100.8
2008-07-01,52050130,33.2
2008-08-01,52050130,47.4
2008-09-01,52050130,68.5
2008-10-01,52050130,207.0
2008-11-01,52050130,126.2
2008-12-01,52050130,149.7
2009-01-01,52050130,180.0
2009-02-01,52050130,119.3
2009-03-01,52050130,166.2
2009-04-01,52050130,119.2
2009-05-01,52050130,68.5
2009-06-01,52050130,73.5
2009-07-01,52050130,44.2
2009-08-01,52050130,20.8
2009-09-01,52050130,18.6
2009-10-01,52050130,47.3
2009-11-01,52050130,38.8
2009-12-01,52050130,109.2
2010-01-01,52050130,5.4
2010-02-01,52050130,79.5
2010-03-01,52050130,41.0
2010-04-01,52050130,252.3
2010-05-01,52050130,146.1
2010-06-01,52050130,95.7
2010-07-01,52050130,141.0
2010-08-01,52050130,36.4
2010-09-01,52050130,51.1
2010-10-01,52050130,92.6
2010-11-01,52050130,229.8
2010-12-01,52050130,194.8
2011-01-01,52050130,77.0
2011-02-01,52050130,179.2
2011-03-01,52050130,158.2
2011-04-01,52050130,207.4
2011-05-01,52050130,109.7
2011-06-01,52050130,70.5
2011-07-01,52050130,115.6
2011-08-01,52050130,45.9
2011-09-01,52050130,26.0
2011-10-01,52050130,139.0
2011-11-01,52050130,157.0
2011-12-01,52050130,184.5
2012-01-01,52050130,120.7
2012-02-01,52050130,125.1
2012-03-01,52050130,97.3
2012-05-01,52050130,63.2
2012-08-01,52050130,19.1
2012-09-01,52050130,23.5
2012-10-01,52050130,65.5
2012-11-01,52050130,93.7
2013-01-01,52050130,93.1
2013-02-01,52050130,158.2
2013-03-01,52050130,85.9
2013-04-01,52050130,112.3
2013-05-01,52050130,210.2
2013-06-01,52050130,28.1
2013-07-01,52050130,52.5
2013-08-01,52050130,45.8
2013-09-01,52050130,16.3
2013-10-01,52050130,143.8
2013-11-01,52050130,88.6
2013-12-01,52050130,73.2
2014-01-01,52050130,107.7
2014-02-01,52050130,26.4
2014-03-01,52050130,137.3
2014-04-01,52050130,49.1
2014-05-01,52050130,154.7
2014-06-01,52050130,120.7
2014-07-01,52050130,37.7
2014-08-01,52050130,37.1
2014-09-01,52050130,48.6
2014-10-01,52050130,110.7
2014-11-01,52050130,138.8
2014-12-01,52050130,128.8
2015-01-01,52050130,74.5
2015-02-01,52050130,48.0
2015-03-01,52050130,127.4
2015-04-01,52050130,119.9
2015-05-01,52050130,60.2
2015-06-01,52050130,48.9
2015-07-01,52050130,85.9
2015-08-01,52050130,21.0
2015-09-01,52050130,17.7
2015-10-01,52050130,102.7
2015-11-01,52050130,114.4
2015-12-01,52050130,24.3
2006-01-01,52030090,132.8
2006-02-01,52030090,73.4
2006-03-01,52030090,321.6
2006-04-01,52030090,146.2
2006-05-01,52030090,28.9
2006-06-01,52030090,92.2
2006-07-01,52030090,21.2
2006-08-01,52030090,15.6
2006-09-01,52030090,9.4
2006-10-01,52030090,261.9
2006-11-01,52030090,198.1
2006-12-01,52030090,177.0
2007-01-01,52030090,62.0
2007-02-01,52030090,38.8
2007-03-01,52030090,115.8
2007-04-01,52030090,182.6
2007-05-01,52030090,84.7
2007-06-01,52030090,34.5
2007-07-01,52030090,25.5
2007-08-01,52030090,38.4
2007-09-01,52030090,6.6
2007-10-01,52030090,322.2
2007-11-01,52030090,180.6
2007-12-01,52030090,322.6
2008-01-01,52030090,275.0
2008-02-01,52030090,186.0
2008-03-01,52030090,224.9
2008-04-01,52030090,116.0
2008-05-01,52030090,218.1
2008-06-01,52030090,52.7
2008-07-01,52030090,15.5
2008-08-01,52030090,7.3
2008-09-01,52030090,41.2
2008-10-01,52030090,171.2
2008-11-01,52030090,279.1
2008-12-01,52030090,376.6
2009-01-01,52030090,157.8
2009-02-01,52030090,171.2
2009-03-01,52030090,148.4
2009-04-01,52030090,69.5
2009-05-01,52030090,38.3
2009-06-01,52030090,18.1
2009-07-01,52030090,44.8
2009-08-01,52030090,23.6
2009-09-01,52030090,25.7
2009-10-01,52030090,166.2
2009-11-01,52030090,127.9
2009-12-01,52030090,105.5
2010-01-01,52030090,8.0
2010-02-01,52030090,69.3
2010-03-01,52030090,32.3
2010-04-01,52030090,161.2
2010-05-01,52030090,183.8
2010-06-01,52030090,49.8
2010-07-01,52030090,124.8
2010-08-01,52030090,0.8
2010-09-01,52030090,33.8
2010-10-01,52030090,230.4
2010-11-01,52030090,385.8
2010-12-01,52030090,165.1
2011-01-01,52030090,107.4
2011-02-01,52030090,263.6
2011-03-01,52030090,163.2
2011-04-01,52030090,257.9
2011-05-01,52030090,155.9
2011-06-01,52030090,52.6
2011-07-01,52030090,95.4
2011-08-01,52030090,19.7
2011-09-01,52030090,42.0
2011-10-01,52030090,231.6
2011-11-01,52030090,184.8
2011-12-01,52030090,239.5
2012-01-01,52030090,238.1
2012-02-01,52030090,153.9
2012-03-01,52030090,56.3
2012-04-01,52030090,156.7
2012-05-01,52030090,19.0
2012-06-01,52030090,5.3
2012-09-01,52030090,17.1
2012-10-01,52030090,160.7
2012-11-01,52030090,78.0
2012-12-01,52030090,152.1
2013-01-01,52030090,20.3
2013-02-01,52030090,130.1
2013-03-01,52030090,69.5
2013-04-01,52030090,187.2
2013-05-01,52030090,229.7
2013-06-01,52030090,7.5
2013-07-01,52030090,78.9
2013-08-01,52030090,51.7
2013-09-01,52030090,36.8
2013-10-01,52030090,181.2
2013-11-01,52030090,360.2
2013-12-01,52030090,177.4
2014-01-01,52030090,100.6
2014-02-01,52030090,93.3
2014-03-01,52030090,119.7
2014-04-01,52030090,27.1
2014-05-01,52030090,182.9
2014-06-01,52030090,60.1
2014-07-01,52030090,24.8
2014-08-01,52030090,13.1
2014-09-01,52030090,40.1
2014-10-01,52030090,130.1
2014-11-01,52030090,266.8
2014-12-01,52030090,201.3
2015-01-01,52030090,79.1
2015-02-01,52030090,83.5
2015-03-01,52030090,220.0
2015-04-01,52030090,150.6
2015-05-01,52030090,6.1
2015-06-01,52030090,34.1
2015-07-01,52030090,14.0
2015-08-01,52030090,4.4
2015-09-01,52030090,7.6
2015-10-01,52030090,76.0
2015-11-01,52030090,143.7
2015-12-01,52030090,0.0
2006-01-01,52050110,96.6
2006-02-01,52050110,78.9
2006-03-01,52050110,92.1
2006-04-01,52050110,135.0
2006-05-01,52050110,35.6
2006-06-01,52050110,115.1
2006-07-01,52050110,30.4
2006-08-01,52050110,19.4
2006-09-01,52050110,23.3
2006-10-01,52050110,33.5
2006-11-01,52050110,137.3
2006-12-01,52050110,136.6
2007-01-01,52050110,48.7
2007-02-01,52050110,11.5
2007-03-01,52050110,88.1
2007-04-01,52050110,108.4
2007-05-01,52050110,65.1
2007-06-01,52050110,29.7
2007-07-01,52050110,50.1
2007-08-01,52050110,25.4
2007-09-01,52050110,11.0
2007-10-01,52050110,158.1
2007-11-01,52050110,122.8
2007-12-01,52050110,130.0
2008-01-01,52050110,37.7
2008-02-01,52050110,118.0
2008-03-01,52050110,109.1
2008-04-01,52050110,90.1
2008-05-01,52050110,177.1
2008-06-01,52050110,60.9
2008-07-01,52050110,15.7
2008-08-01,52050110,38.3
2008-09-01,52050110,25.0
2008-10-01,52050110,108.7
2008-11-01,52050110,105.3
2008-12-01,52050110,123.6
2009-01-01,52050110,128.0
2009-02-01,52050110,103.7
2009-03-01,52050110,170.8
2009-04-01,52050110,86.2
2009-05-01,52050110,26.8
2009-06-01,52050110,47.2
2009-07-01,52050110,15.3
2009-08-01,52050110,20.0
2009-09-01,52050110,36.7
2009-10-01,52050110,68.2
2009-11-01,52050110,68.6
2009-12-01,52050110,150.5
2010-01-01,52050110,13.5
2010-02-01,52050110,55.4
2010-03-01,52050110,29.1
2010-04-01,52050110,200.2
2010-05-01,52050110,127.4
2010-06-01,52050110,58.0
2010-07-01,52050110,72.6
2010-08-01,52050110,17.2
2010-09-01,52050110,49.0
2010-10-01,52050110,88.5
2010-11-01,52050110,203.3
2010-12-01,52050110,138.9
2011-01-01,52050110,57.0
2011-02-01,52050110,128.5
2011-03-01,52050110,126.2
2011-04-01,52050110,209.9
2011-05-01,52050110,76.1
2011-06-01,52050110,88.4
2011-07-01,52050110,134.8
2011-08-01,52050110,25.7
2011-09-01,52050110,22.3
2011-10-01,52050110,95.8
2011-11-01,52050110,67.4
2011-12-01,52050110,176.5
2012-01-01,52050110,158.0
2012-02-01,52050110,77.0
2012-03-01,52050110,163.6
2012-04-01,52050110,114.9
2012-05-01,52050110,41.8
2012-06-01,52050110,22.4
2012-07-01,52050110,16.0
2012-08-01,52050110,27.8
2012-09-01,52050110,5.9
2012-10-01,52050110,88.7
2012-11-01,52050110,119.3
2012-12-01,52050110,43.0
2013-01-01,52050110,88.9
2013-02-01,52050110,155.6
2013-03-01,52050110,74.8
2013-04-01,52050110,90.6
2013-05-01,52050110,198.2
2013-06-01,52050110,19.1
2013-07-01,52050110,38.0
2013-08-01,52050110,30.6
2013-09-01,52050110,19.5
2013-10-01,52050110,136.0
2013-11-01,52050110,87.3
2013-12-01,52050110,49.8
2014-01-01,52050110,92.3
2014-02-01,52050110,35.6
2014-03-01,52050110,96.8
2014-04-01,52050110,32.3
2014-05-01,52050110,151.7
2014-06-01,52050110,71.9
2014-07-01,52050110,30.4
2014-08-01,52050110,16.2
2014-09-01,52050110,55.1
2014-10-01,52050110,106.6
2014-11-01,52050110,130.1
2014-12-01,52050110,161.6
2015-01-01,52050110,74.8
2015-02-01,52050110,41.3
2015-03-01,52050110,110.5
2015-04-01,52050110,92.0
2015-05-01,52050110,31.0
2015-06-01,52050110,35.8
2015-07-01,52050110,34.6
2015-08-01,52050110,23.7
2015-09-01,52050110,13.4
2015-10-01,52050110,64.7
2015-11-01,52050110,86.1
2015-12-01,52050110,12.8
2006-01-01,52055220,82.1
2006-02-01,52055220,82.2
2006-03-01,52055220,159.4
2006-04-01,52055220,170.7
2006-05-01,52055220,39.8
2006-06-01,52055220,123.7
2006-07-01,52055220,28.8
2006-08-01,52055220,11.9
2006-09-01,52055220,12.8
2006-10-01,52055220,77.4
2006-11-01,52055220,198.8
2006-12-01,52055220,164.6
2007-01-01,52055220,87.3
2007-02-01,52055220,8.7
2007-03-01,52055220,148.1
2007-04-01,52055220,152.6
2007-05-01,52055220,110.5
2007-06-01,52055220,74.8
2007-07-01,52055220,37.8
2007-08-01,52055220,26.8
2007-09-01,52055220,4.2
2007-10-01,52055220,163.2
2007-11-01,52055220,156.9
2007-12-01,52055220,132.1
2008-01-01,52055220,90.7
2008-02-01,52055220,142.1
2008-03-01,52055220,126.7
2008-04-01,52055220,207.0
2008-05-01,52055220,183.7
2008-06-01,52055220,95.3
2008-07-01,52055220,18.4
2008-08-01,52055220,51.8
2008-09-01,52055220,38.6
2008-10-01,52055220,154.9
2008-11-01,52055220,82.7
2008-12-01,52055220,107.8
2009-01-01,52055220,142.7
2009-02-01,52055220,107.2
2009-03-01,52055220,186.1
2009-04-01,52055220,155.3
2009-05-01,52055220,76.0
2009-06-01,52055220,102.1
2009-07-01,52055220,29.8
2009-08-01,52055220,7.9
2009-09-01,52055220,26.6
2009-10-01,52055220,79.7
2009-11-01,52055220,83.9
2009-12-01,52055220,127.1
2010-01-01,52055220,14.6
2010-02-01,52055220,59.9
2010-03-01,52055220,29.9
2010-04-01,52055220,216.4
2010-05-01,52055220,159.0
2010-06-01,52055220,48.5
2010-07-01,52055220,119.6
2010-08-01,52055220,31.5
2010-09-01,52055220,66.9
2010-10-01,52055220,105.5
2010-11-01,52055220,219.3
2010-12-01,52055220,112.2
2011-01-01,52055220,59.9
2011-02-01,52055220,90.0
2011-03-01,52055220,146.9
2011-04-01,52055220,202.7
2011-05-01,52055220,82.2
2011-06-01,52055220,38.6
2011-07-01,52055220,92.4
2011-08-01,52055220,29.4
2011-09-01,52055220,36.8
2011-10-01,52055220,141.1
2011-11-01,52055220,132.4
2011-12-01,52055220,157.1
2012-01-01,52055220,148.4
2012-02-01,52055220,85.5
2012-03-01,52055220,153.9
2012-04-01,52055220,124.1
2012-05-01,52055220,34.9
2012-06-01,52055220,21.3
2012-07-01,52055220,8.5
2012-08-01,52055220,11.6
2012-09-01,52055220,7.7
2012-12-01,52055220,57.7
2013-01-01,52055220,46.7
2013-02-01,52055220,128.8
2013-03-01,52055220,103.2
2013-04-01,52055220,99.4
2013-05-01,52055220,178.0
2013-06-01,52055220,11.0
2013-07-01,52055220,23.7
2013-08-01,52055220,41.5
2013-09-01,52055220,10.8
2013-10-01,52055220,107.3
2013-11-01,52055220,92.8
2013-12-01,52055220,72.8
2014-01-01,52055220,124.9
2014-02-01,52055220,28.8
2014-03-01,52055220,114.5
2014-04-01,52055220,89.5
2014-05-01,52055220,166.7
2014-06-01,52055220,79.1
2014-07-01,52055220,13.2
2014-08-01,52055220,16.1
2014-09-01,52055220,53.7
2014-10-01,52055220,91.7
2014-11-01,52055220,104.6
2014-12-01,52055220,117.4
2015-01-01,52055220,81.0
2015-02-01,52055220,40.9
2015-03-01,52055220,99.4
2015-04-01,52055220,114.8
2015-05-01,52055220,52.1
2015-06-01,52055220,21.2
2015-07-01,52055220,34.0
2015-08-01,52055220,3.9
2015-09-01,52055220,3.7
2015-10-01,52055220,110.9
2015-11-01,52055220,93.4
2015-12-01,52055220,9.1
2006-01-01,51020010,903.0
2006-02-01,51020010,876.0
2006-03-01,51020010,1067.0
2006-04-01,51020010,1006.0
2006-05-01,51020010,659.0
2006-06-01,51020010,712.0
2006-07-01,51020010,445.0
2006-08-01,51020010,566.0
2006-09-01,51020010,730.0
2006-10-01,51020010,734.0
2006-11-01,51020010,1397.0
2006-12-01,51020010,1011.0
2007-01-01,51020010,521.0
2007-02-01,51020010,290.0
2007-03-01,51020010,774.0
2007-04-01,51020010,1290.0
2007-05-01,51020010,1163.0
2007-06-01,51020010,769.0
2007-07-01,51020010,556.0
2007-08-01,51020010,581.0
2007-09-01,51020010,522.0
2007-10-01,51020010,1051.0
2007-11-01,51020010,705.0
2007-12-01,51020010,873.0
2008-01-01,51020010,1012.0
2008-02-01,51020010,671.0
2008-03-01,51020010,995.8
2008-04-01,51020010,1084.6
2008-05-01,51020010,1105.6
2008-06-01,51020010,861.4
2008-07-01,51020010,750.2
2008-08-01,51020010,720.6
2008-09-01,51020010,687.5
2008-10-01,51020010,766.4
2008-11-01,51020010,556.7
2008-12-01,51020010,746.1
2009-01-01,51020010,1034.0
2009-02-01,51020010,995.3
2009-03-01,51020010,769.3
2009-04-01,51020010,443.7
2009-05-01,51020010,868.9
2009-06-01,51020010,809.0
2009-07-01,51020010,494.0
2009-08-01,51020010,549.0
2009-09-01,51020010,295.0
2009-10-01,51020010,668.4
2009-11-01,51020010,788.3
2009-12-01,51020010,1261.1
2010-01-01,51020010,420.1
2010-02-01,51020010,608.1
2010-03-01,51020010,720.0
2010-04-01,51020010,1009.7
2010-05-01,51020010,727.0
2010-06-01,51020010,981.0
2010-07-01,51020010,825.0
2010-08-01,51020010,388.0
2010-09-01,51020010,696.4
2010-10-01,51020010,683.1
2010-11-01,51020010,877.2
2010-12-01,51020010,1368.9
2011-01-01,51020010,1066.0
2011-02-01,51020010,856.0
2011-03-01,51020010,1197.2
2011-04-01,51020010,1445.7
2011-05-01,51020010,704.2
2011-06-01,51020010,633.1
2011-07-01,51020010,711.4
2011-08-01,51020010,665.6
2011-09-01,51020010,640.1
2011-10-01,51020010,876.7
2011-11-01,51020010,513.0
2011-12-01,51020010,690.0
2012-01-01,51020010,904.0
2012-02-01,51020010,812.0
2012-03-01,51020010,625.0
2012-04-01,51020010,752.7
2012-05-01,51020010,787.9
2012-06-01,51020010,477.8
2012-07-01,51020010,360.1
2012-08-01,51020010,373.0
2012-09-01,51020010,287.3
2012-10-01,51020010,653.7
2012-11-01,51020010,953.0
2012-12-01,51020010,568.0
2013-01-01,51020010,612.0
2013-02-01,51020010,752.0
2013-03-01,51020010,740.0
2013-04-01,51020010,790.0
2013-05-01,51020010,1121.0
2013-06-01,51020010,664.3
2013-07-01,51020010,583.6
2013-08-01,51020010,635.8
2013-09-01,51020010,462.1
2013-10-01,51020010,671.8
2013-11-01,51020010,654.0
2013-12-01,51020010,1001.3
2014-01-01,51020010,918.9
2014-02-01,51020010,576.2
2014-03-01,51020010,954.2
2014-04-01,51020010,506.2
2014-05-01,51020010,999.2
2014-06-01,51020010,580.5
2014-07-01,51020010,429.3
2014-08-01,51020010,368.4
2014-09-01,51020010,658.3
2014-10-01,51020010,1497.2
2014-11-01,51020010,932.2
2014-12-01,51020010,928.7
2015-01-01,51020010,623.1
2015-02-01,51020010,854.0
2015-03-01,51020010,748.3
2015-04-01,51020010,626.9
2015-05-01,51020010,723.4
2015-06-01,51020010,338.3
2015-07-01,51020010,594.6
2015-08-01,51020010,379.6
2015-09-01,51020010,488.8
2015-10-01,51020010,1058.8
2015-11-01,51020010,1134.8
2015-12-01,51020010,298.0
2006-01-01,52070030,247.0
2006-02-01,52070030,129.0
2006-03-01,52070030,188.0
2006-04-01,52070030,275.0
2006-05-01,52070030,124.0
2006-06-01,52070030,122.0
2006-07-01,52070030,40.0
2006-08-01,52070030,26.0
2006-09-01,52070030,70.0
2006-10-01,52070030,238.0
2006-11-01,52070030,424.0
2006-12-01,52070030,261.5
2007-01-01,52070030,131.0
2007-02-01,52070030,46.0
2007-03-01,52070030,132.0
2007-04-01,52070030,154.0
2007-05-01,52070030,236.0
2007-06-01,52070030,46.0
2007-07-01,52070030,174.0
2007-08-01,52070030,28.0
2007-09-01,52070030,14.0
2007-10-01,52070030,236.0
2007-11-01,52070030,211.0
2007-12-01,52070030,467.0
2008-01-01,52070030,308.0
2008-02-01,52070030,130.0
2008-03-01,52070030,308.0
2008-04-01,52070030,224.0
2008-05-01,52070030,228.0
2008-06-01,52070030,112.0
2008-07-01,52070030,103.0
2008-08-01,52070030,61.0
2008-09-01,52070030,102.0
2008-10-01,52070030,206.0
2008-11-01,52070030,241.0
2008-12-01,52070030,402.0
2009-01-01,52070030,208.0
2009-02-01,52070030,184.0
2009-03-01,52070030,170.0
2009-04-01,52070030,92.0
2009-05-01,52070030,186.0
2009-06-01,52070030,60.0
2009-07-01,52070030,33.0
2009-08-01,52070030,36.0
2009-09-01,52070030,105.0
2009-10-01,52070030,363.0
2009-11-01,52070030,467.0
2009-12-01,52070030,239.0
2010-01-01,52070030,119.0
2010-02-01,52070030,186.0
2010-03-01,52070030,42.0
2010-04-01,52070030,158.0
2010-05-01,52070030,200.0
2010-06-01,52070030,76.0
2010-07-01,52070030,187.0
2010-08-01,52070030,23.0
2010-09-01,52070030,96.0
2010-10-01,52070030,288.0
2010-11-01,52070030,373.0
2010-12-01,52070030,391.0
2011-01-01,52070030,183.0
2011-02-01,52070030,291.0
2011-03-01,52070030,275.0
2011-04-01,52070030,501.0
2011-05-01,52070030,106.0
2011-06-01,52070030,93.0
2011-07-01,52070030,53.0
2011-08-01,52070030,93.0
2011-09-01,52070030,170.0
2011-10-01,52070030,397.0
2011-11-01,52070030,241.0
2011-12-01,52070030,208.0
2012-01-01,52070030,216.0
2012-02-01,52070030,117.0
2012-03-01,52070030,63.0
2012-04-01,52070030,152.0
2012-05-01,52070030,46.0
2012-06-01,52070030,74.0
2012-07-01,52070030,8.0
2012-08-01,52070030,14.0
2012-09-01,52070030,11.0
2012-10-01,52070030,227.0
2012-11-01,52070030,361.0
2012-12-01,52070030,229.0
2013-01-01,52070030,87.0
2013-02-01,52070030,169.0
2013-03-01,52070030,101.0
2013-04-01,52070030,95.0
2013-05-01,52070030,216.0
2013-06-01,52070030,61.6
2013-07-01,52070030,41.0
2013-08-01,52070030,53.0
2013-09-01,52070030,62.0
2013-10-01,52070030,281.0
2013-11-01,52070030,232.0
2013-12-01,52070030,377.0
2014-01-01,52070030,179.0
2014-02-01,52070030,104.0
2014-03-01,52070030,244.0
2014-04-01,52070030,69.0
2014-05-01,52070030,306.0
2014-06-01,52070030,46.0
2014-07-01,52070030,0.0
2014-08-01,52070030,5.0
2014-09-01,52070030,85.0
2014-10-01,52070030,434.0
2014-11-01,52070030,245.0
2014-12-01,52070030,399.0
2015-01-01,52070030,54.6
2015-02-01,52070030,181.0
2015-03-01,52070030,262.0
2015-04-01,52070030,79.0
2015-05-01,52070030,39.0
2015-06-01,52070030,41.0
2015-07-01,52070030,27.0
2015-08-01,52070030,30.0
2015-09-01,52070030,57.0
2015-10-01,52070030,183.0
2015-11-01,52070030,257.0
2015-12-01,52070030,6.0
2006-01-01,52070010,438.0
2006-02-01,52070010,345.0
2006-03-01,52070010,698.0
2006-04-01,52070010,608.0
2006-05-01,52070010,378.0
2006-06-01,52070010,644.0
2006-07-01,52070010,148.0
2006-08-01,52070010,264.0
2006-09-01,52070010,666.0
2006-11-01,52070010,822.0
2006-12-01,52070010,378.0
2007-01-01,52070010,453.0
2007-02-01,52070010,258.0
2007-03-01,52070010,906.0
2007-04-01,52070010,627.0
2007-05-01,52070010,964.0
2007-06-01,52070010,537.0
2007-07-01,52070010,383.0
2007-08-01,52070010,251.0
2007-09-01,52070010,81.0
2007-10-01,52070010,270.0
2007-11-01,52070010,360.0
2007-12-01,52070010,333.0
2008-01-01,52070010,760.0
2008-02-01,52070010,500.0
2008-03-01,52070010,496.0
2008-04-01,52070010,669.0
2008-05-01,52070010,681.0
2008-06-01,52070010,1024.0
2008-07-01,52070010,958.0
2008-08-01,52070010,1054.0
2008-09-01,52070010,251.0
2008-10-01,52070010,310.0
2008-11-01,52070010,190.0
2008-12-01,52070010,102.0
2009-01-01,52070010,626.0
2009-02-01,52070010,306.0
2009-03-01,52070010,525.0
2009-04-01,52070010,557.0
2009-05-01,52070010,414.0
2009-06-01,52070010,176.0
2009-07-01,52070010,296.0
2009-08-01,52070010,660.0
2009-09-01,52070010,80.0
2009-10-01,52070010,130.0
2009-11-01,52070010,105.0
2009-12-01,52070010,508.0
2010-01-01,52070010,275.0
2010-02-01,52070010,460.0
2010-03-01,52070010,338.0
2010-04-01,52070010,745.0
2010-05-01,52070010,435.0
2010-06-01,52070010,653.0
2010-07-01,52070010,550.0
2010-08-01,52070010,282.0
2010-09-01,52070010,443.0
2010-10-01,52070010,118.0
2010-11-01,52070010,311.0
2010-12-01,52070010,747.0
2011-01-01,52070010,443.0
2011-02-01,52070010,168.0
2011-03-01,52070010,462.0
2011-04-01,52070010,520.0
2011-05-01,52070010,308.0
2011-06-01,52070010,372.0
2011-07-01,52070010,665.0
2011-08-01,52070010,243.0
2011-09-01,52070010,391.0
2011-10-01,52070010,413.0
2011-11-01,52070010,25.0
2011-12-01,52070010,144.0
2012-01-01,52070010,688.0
2012-02-01,52070010,451.0
2012-03-01,52070010,481.0
2012-04-01,52070010,834.0
2012-05-01,52070010,1137.0
2012-06-01,52070010,555.0
2012-07-01,52070010,347.0
2012-08-01,52070010,169.0
2012-09-01,52070010,159.0
2012-10-01,52070010,294.0
2012-11-01,52070010,407.0
2012-12-01,52070010,55.0
2013-01-01,52070010,237.0
2013-02-01,52070010,225.0
2013-03-01,52070010,534.2
2013-04-01,52070010,695.0
2013-05-01,52070010,599.0
2013-06-01,52070010,308.0
2013-07-01,52070010,544.0
2013-08-01,52070010,308.0
2013-09-01,52070010,282.0
2013-10-01,52070010,338.0
2013-11-01,52070010,115.0
2013-12-01,52070010,213.0
2014-01-01,52070010,544.0
2014-02-01,52070010,435.0
2014-03-01,52070010,734.0
2014-04-01,52070010,586.0
2014-05-01,52070010,1115.0
2014-06-01,52070010,907.0
2014-07-01,52070010,280.0
2014-08-01,52070010,401.0
2014-09-01,52070010,369.0
2014-10-01,52070010,792.0
2014-11-01,52070010,221.0
2014-12-01,52070010,497.0
2015-01-01,52070010,603.0
2015-02-01,52070010,796.0
2015-03-01,52070010,392.0
2015-04-01,52070010,788.0
2015-06-01,52070010,229.0
2015-07-01,52070010,717.0
2015-08-01,52070010,322.0
2015-09-01,52070010,238.0
2015-10-01,52070010,562.0
2015-11-01,52070010,725.0
2015-12-01,52070010,446.0
2006-01-01,52010060,128.0
2006-02-01,52010060,57.0
2006-03-01,52010060,223.0
2006-04-01,52010060,194.0
2006-05-01,52010060,53.0
2006-06-01,52010060,89.0
2006-07-01,52010060,19.0
2006-08-01,52010060,5.0
2006-09-01,52010060,6.0
2006-10-01,52010060,195.0
2006-11-01,52010060,230.0
2006-12-01,52010060,232.0
2007-01-01,52010060,130.0
2007-02-01,52010060,35.0
2007-03-01,52010060,170.0
2007-04-01,52010060,239.0
2007-05-01,52010060,95.9
2007-06-01,52010060,11.0
2007-07-01,52010060,60.0
2007-08-01,52010060,23.0
2007-09-01,52010060,6.0
2007-10-01,52010060,351.0
2007-11-01,52010060,263.0
2007-12-01,52010060,471.0
2008-01-01,52010060,214.0
2008-02-01,52010060,273.0
2008-04-01,52010060,149.0
2008-05-01,52010060,166.0
2008-06-01,52010060,105.0
2008-07-01,52010060,18.0
2008-08-01,52010060,193.0
2008-09-01,52010060,74.0
2008-10-01,52010060,192.0
2008-11-01,52010060,127.0
2008-12-01,52010060,171.0
2009-01-01,52010060,215.0
2009-02-01,52010060,103.0
2009-03-01,52010060,177.0
2009-04-01,52010060,72.0
2009-05-01,52010060,72.0
2009-06-01,52010060,23.0
2009-07-01,52010060,16.0
2009-08-01,52010060,20.0
2009-09-01,52010060,23.0
2009-10-01,52010060,141.0
2009-11-01,52010060,184.0
2009-12-01,52010060,51.0
2010-01-01,52010060,75.0
2010-02-01,52010060,87.0
2010-03-01,52010060,56.0
2010-04-01,52010060,213.0
2010-05-01,52010060,107.0
2010-06-01,52010060,45.0
2010-07-01,52010060,233.0
2010-08-01,52010060,16.0
2010-09-01,52010060,39.0
2010-10-01,52010060,185.0
2010-11-01,52010060,465.0
2010-12-01,52010060,265.0
2011-01-01,52010060,117.0
2011-02-01,52010060,346.0
2011-03-01,52010060,106.0
2011-04-01,52010060,469.0
2011-05-01,52010060,177.0
2011-06-01,52010060,96.0
2011-07-01,52010060,83.0
2011-08-01,52010060,58.0
2011-09-01,52010060,39.0
2011-10-01,52010060,244.0
2011-11-01,52010060,223.0
2011-12-01,52010060,206.0
2012-01-01,52010060,170.0
2012-02-01,52010060,76.0
2012-03-01,52010060,105.0
2012-04-01,52010060,158.0
2012-05-01,52010060,39.0
2012-06-01,52010060,7.0
2012-07-01,52010060,0.0
2012-08-01,52010060,11.0
2012-09-01,52010060,7.0
2012-10-01,52010060,293.0
2012-11-01,52010060,203.0
2012-12-01,52010060,117.0
2013-01-01,52010060,42.0
2013-02-01,52010060,106.0
2013-03-01,52010060,176.0
2013-04-01,52010060,296.0
2013-05-01,52010060,503.0
2013-06-01,52010060,1.0
2013-07-01,52010060,23.0
2013-08-01,52010060,62.0
2013-09-01,52010060,32.0
2013-10-01,52010060,86.0
2013-11-01,52010060,256.0
2013-12-01,52010060,190.0
2014-01-01,52010060,98.0
2014-02-01,52010060,113.0
2014-03-01,52010060,168.0
2014-04-01,52010060,61.0
2014-05-01,52010060,111.0
2014-06-01,52010060,10.0
2014-07-01,52010060,0.0
2014-08-01,52010060,26.0
2014-09-01,52010060,12.0
2014-10-01,52010060,50.0
2014-11-01,52010060,57.0
2014-12-01,52010060,26.0
2015-01-01,52010060,34.0
2015-02-01,52010060,46.0
2015-03-01,52010060,58.0
2015-04-01,52010060,57.0
2015-05-01,52010060,4.0
2015-06-01,52010060,1.0
2015-07-01,52010060,0.0
2015-08-01,52010060,2.0
2015-09-01,52010060,2.0
2015-10-01,52010060,34.0
2015-11-01,52010060,121.3
2015-12-01,52010060,0.0
2006-01-01,47015080,309.8
2006-02-01,47015080,172.9
2006-03-01,47015080,254.0
2006-04-01,47015080,299.9
2006-05-01,47015080,335.7
2006-06-01,47015080,411.4
2006-07-01,47015080,396.7
2006-08-01,47015080,297.2
2006-09-01,47015080,274.5
2006-10-01,47015080,190.7
2006-11-01,47015080,216.0
2006-12-01,47015080,170.0
2007-01-01,47015080,263.6
2007-02-01,47015080,63.8
2007-03-01,47015080,247.9
2007-04-01,47015080,244.0
2007-05-01,47015080,268.2
2007-06-01,47015080,504.8
2007-07-01,47015080,261.1
2007-08-01,47015080,449.4
2007-09-01,47015080,282.2
2007-10-01,47015080,212.4
2007-11-01,47015080,244.9
2007-12-01,47015080,275.9
2008-01-01,47015080,221.6
2008-02-01,47015080,224.5
2008-03-01,47015080,100.1
2008-04-01,47015080,236.4
2008-05-01,47015080,254.4
2008-06-01,47015080,450.1
2008-07-01,47015080,327.7
2008-08-01,47015080,245.6
2008-09-01,47015080,239.2
2008-10-01,47015080,234.9
2008-11-01,47015080,130.3
2008-12-01,47015080,127.5
2009-01-01,47015080,309.2
2009-02-01,47015080,267.4
2009-03-01,47015080,118.2
2009-04-01,47015080,248.9
2009-05-01,47015080,160.5
2009-06-01,47015080,416.8
2009-07-01,47015080,469.1
2009-08-01,47015080,420.5
2009-09-01,47015080,286.8
2009-10-01,47015080,103.2
2009-11-01,47015080,103.1
2009-12-01,47015080,182.0
2010-01-01,47015080,128.6
2010-02-01,47015080,227.2
2010-03-01,47015080,251.2
2010-04-01,47015080,341.4
2010-05-01,47015080,253.5
2010-06-01,47015080,333.8
2010-07-01,47015080,302.4
2010-08-01,47015080,222.2
2010-09-01,47015080,195.8
2010-10-01,47015080,127.5
2010-11-01,47015080,167.2
2010-12-01,47015080,153.8
2011-01-01,47015080,187.9
2011-02-01,47015080,98.4
2011-03-01,47015080,164.3
2011-04-01,47015080,204.1
2011-05-01,47015080,473.1
2011-06-01,47015080,371.6
2011-07-01,47015080,642.4
2011-08-01,47015080,292.1
2011-09-01,47015080,273.1
2011-10-01,47015080,91.9
2011-11-01,47015080,91.7
2011-12-01,47015080,332.8
2012-01-01,47015080,321.7
2012-02-01,47015080,229.8
2012-06-01,47015080,309.8
2012-11-01,47015080,140.2
2012-12-01,47015080,234.2
2013-01-01,47015080,235.9
2013-02-01,47015080,373.4
2013-03-01,47015080,243.8
2013-04-01,47015080,160.7
2013-05-01,47015080,360.8
2013-06-01,47015080,308.2
2013-07-01,47015080,664.6
2013-08-01,47015080,426.0
2013-09-01,47015080,275.3
2013-10-01,47015080,222.4
2013-11-01,47015080,130.5
2013-12-01,47015080,230.9
2014-01-01,47015080,246.3
2014-02-01,47015080,155.1
2014-03-01,47015080,316.3
2014-04-01,47015080,316.5
2014-05-01,47015080,308.8
2014-06-01,47015080,430.4
2014-07-01,47015080,555.5
2014-08-01,47015080,387.9
2014-09-01,47015080,224.3
2014-10-01,47015080,201.1
2014-11-01,47015080,170.8
2014-12-01,47015080,224.2
2015-01-01,47015080,295.4
2015-02-01,47015080,122.0
2015-03-01,47015080,203.1
2015-04-01,47015080,297.0
2015-05-01,47015080,307.8
2015-06-01,47015080,620.2
2015-07-01,47015080,442.4
2015-08-01,47015080,343.0
2015-09-01,47015080,164.2
2015-10-01,47015080,206.7
2015-11-01,47015080,220.0
2015-12-01,47015080,215.9
2006-01-01,53010020,733.6
2006-02-01,53010020,917.0
2006-03-01,53010020,53.0
2006-04-01,53010020,103.5
2006-05-01,53010020,283.2
2006-06-01,53010020,297.4
2006-07-01,53010020,147.2
2006-08-01,53010020,134.6
2006-09-01,53010020,810.7
2006-10-01,53010020,500.7
2006-11-01,53010020,1256.3
2006-12-01,53010020,58.1
2007-01-01,53010020,432.3
2007-02-01,53010020,83.7
2007-03-01,53010020,211.8
2007-04-01,53010020,575.3
2007-05-01,53010020,1197.3
2007-06-01,53010020,686.8
2007-07-01,53010020,171.3
2007-08-01,53010020,402.1
2007-09-01,53010020,233.6
2007-10-01,53010020,405.6
2007-11-01,53010020,193.8
2007-12-01,53010020,605.3
2008-01-01,53010020,365.0
2008-02-01,53010020,317.0
2008-03-01,53010020,332.4
2008-04-01,53010020,264.8
2008-05-01,53010020,333.1
2008-06-01,53010020,542.5
2008-07-01,53010020,425.5
2008-08-01,53010020,549.4
2008-09-01,53010020,223.4
2008-10-01,53010020,399.0
2008-11-01,53010020,178.4
2008-12-01,53010020,236.2
2009-01-01,53010020,544.9
2009-02-01,53010020,392.1
2009-03-01,53010020,153.9
2009-04-01,53010020,232.0
2009-05-01,53010020,137.7
2009-06-01,53010020,195.6
2009-07-01,53010020,248.1
2009-08-01,53010020,374.7
2009-09-01,53010020,168.6
2009-10-01,53010020,189.6
2009-11-01,53010020,306.3
2009-12-01,53010020,201.4
2010-01-01,53010020,141.5
2010-02-01,53010020,268.3
2010-03-01,53010020,380.7
2010-04-01,53010020,205.8
2010-05-01,53010020,254.0
2010-06-01,53010020,637.8
2010-07-01,53010020,608.5
2010-08-01,53010020,212.2
2010-09-01,53010020,279.5
2010-10-01,53010020,188.5
2010-11-01,53010020,1131.0
2010-12-01,53010020,629.0
2011-01-01,53010020,489.3
2011-02-01,53010020,454.3
2011-03-01,53010020,46.7
2011-04-01,53010020,101.2
2011-05-01,53010020,167.4
2011-06-01,53010020,560.6
2011-07-01,53010020,762.8
2011-08-01,53010020,193.0
2011-09-01,53010020,230.2
2011-10-01,53010020,472.8
2011-11-01,53010020,26.6
2011-12-01,53010020,299.7
2012-01-01,53010020,524.9
2012-02-01,53010020,201.0
2012-03-01,53010020,185.6
2012-04-01,53010020,453.4
2012-05-01,53010020,306.4
2012-06-01,53010020,254.1
2012-07-01,53010020,264.4
2012-08-01,53010020,0.4
2012-09-01,53010020,34.1
2012-10-01,53010020,245.3
2012-11-01,53010020,118.4
2013-01-01,53010020,282.7
2013-02-01,53010020,68.1
2013-03-01,53010020,297.3
2013-04-01,53010020,433.5
2013-05-01,53010020,587.5
2013-06-01,53010020,154.9
2013-07-01,53010020,29.0
2013-08-01,53010020,267.8
2013-09-01,53010020,112.1
2013-10-01,53010020,432.7
2013-11-01,53010020,143.3
2013-12-01,53010020,150.4
2014-01-01,53010020,332.4
2014-02-01,53010020,533.0
2014-03-01,53010020,324.0
2014-04-01,53010020,519.1
2014-05-01,53010020,347.0
2014-06-01,53010020,145.8
2014-07-01,53010020,90.1
2014-08-01,53010020,144.3
2014-09-01,53010020,49.8
2014-11-01,53010020,182.4
2014-12-01,53010020,423.0
2015-01-01,53010020,52.7
2015-03-01,53010020,42.3
2015-04-01,53010020,117.9
2015-07-01,53010020,301.1
2015-08-01,53010020,77.4
2015-09-01,53010020,164.1
2015-10-01,53010020,739.8
2015-11-01,53010020,571.1
2015-12-01,53010020,251.9
2006-01-01,52060050,441.3
2006-02-01,52060050,521.9
2006-03-01,52060050,357.8
2006-04-01,52060050,926.6
2006-05-01,52060050,436.0
2006-06-01,52060050,315.8
2006-07-01,52060050,136.6
2006-08-01,52060050,158.5
2006-09-01,52060050,119.0
2006-10-01,52060050,609.9
2006-11-01,52060050,770.8
2006-12-01,52060050,587.4
2007-01-01,52060050,301.5
2007-02-01,52060050,224.2
2007-03-01,52060050,278.9
2007-04-01,52060050,699.5
2007-05-01,52060050,507.0
2007-06-01,52060050,190.2
2007-07-01,52060050,211.0
2007-08-01,52060050,517.1
2007-09-01,52060050,314.5
2007-10-01,52060050,818.7
2007-11-01,52060050,514.8
2007-12-01,52060050,856.6
2008-01-01,52060050,897.9
2008-02-01,52060050,417.4
2008-03-01,52060050,500.7
2008-04-01,52060050,491.7
2008-05-01,52060050,361.8
2008-06-01,52060050,442.2
2008-07-01,52060050,235.6
2008-08-01,52060050,366.4
2008-09-01,52060050,229.9
2008-10-01,52060050,759.1
2008-11-01,52060050,361.3
2008-12-01,52060050,827.1
2009-01-01,52060050,478.5
2009-02-01,52060050,438.7
2009-03-01,52060050,599.3
2009-04-01,52060050,399.4
2009-05-01,52060050,382.7
2009-06-01,52060050,338.6
2009-07-01,52060050,180.4
2009-08-01,52060050,204.0
2009-09-01,52060050,123.5
2009-10-01,52060050,374.8
2009-11-01,52060050,803.8
2009-12-01,52060050,681.1
2010-01-01,52060050,125.9
2010-02-01,52060050,355.9
2010-03-01,52060050,325.3
2010-04-01,52060050,584.8
2010-05-01,52060050,453.2
2010-06-01,52060050,312.4
2010-07-01,52060050,437.9
2010-08-01,52060050,276.0
2010-09-01,52060050,340.3
2010-10-01,52060050,661.4
2010-11-01,52060050,956.6
2010-12-01,52060050,910.5
2011-01-01,52060050,657.5
2011-02-01,52060050,758.7
2011-03-01,52060050,742.1
2011-04-01,52060050,896.2
2011-05-01,52060050,373.2
2011-06-01,52060050,387.0
2011-07-01,52060050,302.4
2011-08-01,52060050,249.2
2011-09-01,52060050,397.9
2011-10-01,52060050,717.1
2011-11-01,52060050,638.7
2011-12-01,52060050,611.3
2012-01-01,52060050,760.2
2012-02-01,52060050,339.7
2012-03-01,52060050,340.1
2012-04-01,52060050,568.1
2012-05-01,52060050,242.7
2012-06-01,52060050,102.7
2012-07-01,52060050,105.5
2012-08-01,52060050,136.8
2012-09-01,52060050,166.0
2012-10-01,52060050,640.5
2012-11-01,52060050,773.7
2012-12-01,52060050,484.3
2013-01-01,52060050,410.9
2013-02-01,52060050,422.6
2013-03-01,52060050,437.2
2013-04-01,52060050,293.7
2013-05-01,52060050,663.8
2013-06-01,52060050,230.9
2013-07-01,52060050,172.3
2013-08-01,52060050,278.9
2013-09-01,52060050,282.3
2013-10-01,52060050,545.4
2013-11-01,52060050,905.4
2013-12-01,52060050,677.5
2014-01-01,52060050,494.6
2014-02-01,52060050,394.1
2014-03-01,52060050,671.1
2014-04-01,52060050,260.0
2014-05-01,52060050,653.7
2014-06-01,52060050,156.2
2014-07-01,52060050,76.0
2014-08-01,52060050,119.5
2014-09-01,52060050,307.5
2014-10-01,52060050,764.6
2014-11-01,52060050,642.8
2014-12-01,52060050,771.4
2015-01-01,52060050,358.3
2015-02-01,52060050,547.7
2015-03-01,52060050,485.1
2015-04-01,52060050,431.3
2015-05-01,52060050,291.3
2015-06-01,52060050,116.7
2015-07-01,52060050,167.4
2015-08-01,52060050,84.0
2015-09-01,52060050,147.0
2015-10-01,52060050,455.8
2006-01-01,52050040,94.0
2006-02-01,52050040,115.0
2006-03-01,52050040,225.0
2006-04-01,52050040,299.0
2006-05-01,52050040,95.0
2006-06-01,52050040,130.0
2006-07-01,52050040,31.0
2006-08-01,52050040,7.0
2006-09-01,52050040,42.0
2006-10-01,52050040,134.0
2006-11-01,52050040,239.0
2006-12-01,52050040,216.0
2007-01-01,52050040,32.3
2007-02-01,52050040,25.0
2007-03-01,52050040,258.0
2007-04-01,52050040,276.0
2007-05-01,52050040,193.0
2007-06-01,52050040,47.9
2007-07-01,52050040,62.0
2007-08-01,52050040,33.0
2007-09-01,52050040,4.0
2007-10-01,52050040,234.0
2007-11-01,52050040,193.0
2007-12-01,52050040,229.0
2008-01-01,52050040,142.0
2008-02-01,52050040,148.0
2008-03-01,52050040,125.0
2008-04-01,52050040,319.0
2008-05-01,52050040,257.0
2008-06-01,52050040,162.0
2008-07-01,52050040,53.0
2008-08-01,52050040,76.0
2008-09-01,52050040,77.0
2008-10-01,52050040,183.0
2008-11-01,52050040,109.0
2008-12-01,52050040,122.0
2009-01-01,52050040,248.0
2009-02-01,52050040,158.0
2009-03-01,52050040,227.0
2009-04-01,52050040,84.0
2009-05-01,52050040,110.0
2009-06-01,52050040,79.0
2009-07-01,52050040,27.0
2009-08-01,52050040,72.0
2009-09-01,52050040,18.0
2009-10-01,52050040,109.0
2009-11-01,52050040,150.0
2009-12-01,52050040,103.0
2010-01-01,52050040,9.0
2010-02-01,52050040,87.0
2010-03-01,52050040,15.0
2010-04-01,52050040,279.0
2010-05-01,52050040,136.0
2010-06-01,52050040,62.0
2010-07-01,52050040,164.0
2010-08-01,52050040,31.0
2010-09-01,52050040,98.0
2010-10-01,52050040,149.0
2010-11-01,52050040,305.5
2010-12-01,52050040,200.0
2011-01-01,52050040,61.0
2011-02-01,52050040,163.0
2011-03-01,52050040,140.0
2011-04-01,52050040,325.0
2011-05-01,52050040,154.0
2011-06-01,52050040,115.0
2011-07-01,52050040,76.0
2011-08-01,52050040,32.0
2011-09-01,52050040,35.0
2011-10-01,52050040,152.0
2011-11-01,52050040,146.0
2011-12-01,52050040,172.0
2012-01-01,52050040,173.0
2012-02-01,52050040,93.0
2012-03-01,52050040,95.0
2012-04-01,52050040,191.0
2012-05-01,52050040,58.0
2012-06-01,52050040,35.0
2012-08-01,52050040,9.0
2012-09-01,52050040,10.0
2012-10-01,52050040,78.0
2012-11-01,52050040,239.0
2012-12-01,52050040,56.0
2013-01-01,52050040,42.0
2013-02-01,52050040,86.0
2013-03-01,52050040,73.0
2013-04-01,52050040,99.0
2013-05-01,52050040,237.0
2013-06-01,52050040,8.0
2013-07-01,52050040,27.0
2013-08-01,52050040,31.0
2013-09-01,52050040,31.0
2013-10-01,52050040,127.0
2013-11-01,52050040,144.0
2013-12-01,52050040,123.0
2014-01-01,52050040,120.0
2014-02-01,52050040,68.0
2014-03-01,52050040,186.0
2014-04-01,52050040,123.0
2014-05-01,52050040,250.0
2014-06-01,52050040,88.0
2014-08-01,52050040,13.0
2014-09-01,52050040,51.0
2014-10-01,52050040,240.0
2014-11-01,52050040,120.0
2014-12-01,52050040,185.0
2015-01-01,52050040,92.0
2015-03-01,52050040,110.0
2015-04-01,52050040,147.0
2015-05-01,52050040,49.0
2015-06-01,52050040,9.0
2015-07-01,52050040,32.0
2015-08-01,52050040,0.0
2015-09-01,52050040,1.0
2015-10-01,52050040,171.0
2015-11-01,52050040,164.0
2006-01-01,52050190,76.0
2006-02-01,52050190,78.0
2006-03-01,52050190,125.0
2006-04-01,52050190,104.0
2006-05-01,52050190,56.0
2006-06-01,52050190,118.0
2006-07-01,52050190,62.0
2006-08-01,52050190,67.0
2006-09-01,52050190,73.0
2006-10-01,52050190,108.0
2006-11-01,52050190,113.0
2006-12-01,52050190,101.8
2007-01-01,52050190,49.0
2007-02-01,52050190,37.0
2007-03-01,52050190,120.0
2007-04-01,52050190,132.0
2007-05-01,52050190,65.0
2007-06-01,52050190,89.0
2007-07-01,52050190,63.0
2007-08-01,52050190,83.0
2007-09-01,52050190,36.0
2007-10-01,52050190,123.0
2007-11-01,52050190,108.0
2007-12-01,52050190,105.1
2008-01-01,52050190,82.2
2008-02-01,52050190,76.0
2008-03-01,52050190,102.8
2008-04-01,52050190,141.0
2008-05-01,52050190,103.0
2008-06-01,52050190,62.0
2008-07-01,52050190,24.6
2008-08-01,52050190,57.7
2008-09-01,52050190,37.4
2008-10-01,52050190,140.8
2008-11-01,52050190,99.3
2008-12-01,52050190,64.1
2009-01-01,52050190,137.5
2009-02-01,52050190,112.3
2009-03-01,52050190,90.9
2009-04-01,52050190,76.4
2009-05-01,52050190,54.2
2009-06-01,52050190,45.6
2009-07-01,52050190,31.6
2009-08-01,52050190,38.6
2009-09-01,52050190,31.7
2009-10-01,52050190,79.3
2009-11-01,52050190,37.6
2009-12-01,52050190,45.5
2010-01-01,52050190,8.5
2010-02-01,52050190,83.5
2010-03-01,52050190,53.5
2010-04-01,52050190,128.9
2010-05-01,52050190,100.5
2010-06-01,52050190,43.5
2010-07-01,52050190,85.7
2010-08-01,52050190,21.4
2010-09-01,52050190,66.7
2010-10-01,52050190,65.0
2010-11-01,52050190,170.3
2010-12-01,52050190,128.0
2011-01-01,52050190,44.9
2011-02-01,52050190,96.0
2011-03-01,52050190,103.6
2011-04-01,52050190,108.0
2011-05-01,52050190,147.5
2011-06-01,52050190,64.8
2011-07-01,52050190,126.1
2011-08-01,52050190,67.2
2011-09-01,52050190,54.2
2011-10-01,52050190,54.6
2011-11-01,52050190,186.3
2011-12-01,52050190,136.5
2012-01-01,52050190,116.1
2012-02-01,52050190,79.0
2012-03-01,52050190,104.6
2012-04-01,52050190,132.9
2012-05-01,52050190,36.7
2012-06-01,52050190,54.3
2012-07-01,52050190,61.0
2012-08-01,52050190,42.7
2012-09-01,52050190,23.2
2012-10-01,52050190,64.7
2012-11-01,52050190,43.0
2012-12-01,52050190,44.8
2013-01-01,52050190,74.2
2013-02-01,52050190,162.8
2013-03-01,52050190,43.6
2013-04-01,52050190,96.0
2013-05-01,52050190,128.3
2013-06-01,52050190,39.0
2013-07-01,52050190,106.3
2013-08-01,52050190,36.6
2013-09-01,52050190,38.0
2013-10-01,52050190,83.3
2013-11-01,52050190,125.3
2013-12-01,52050190,64.3
2014-01-01,52050190,63.2
2014-02-01,52050190,36.1
2014-03-01,52050190,158.2
2014-04-01,52050190,44.2
2014-05-01,52050190,172.4
2014-06-01,52050190,80.1
2014-07-01,52050190,71.5
2014-08-01,52050190,44.5
2014-09-01,52050190,55.1
2014-10-01,52050190,116.0
2014-11-01,52050190,154.7
2014-12-01,52050190,149.8
2015-01-01,52050190,69.3
2015-02-01,52050190,54.3
2015-03-01,52050190,105.9
2015-04-01,52050190,71.0
2015-05-01,52050190,50.7
2015-06-01,52050190,97.0
2015-07-01,52050190,72.8
2015-08-01,52050190,40.4
2015-09-01,52050190,33.3
2015-10-01,52050190,32.5
2015-11-01,52050190,91.9
2015-12-01,52050190,15.4
2006-01-01,52050080,108.4
2006-02-01,52050080,77.1
2006-03-01,52050080,174.4
2006-04-01,52050080,224.2
2006-05-01,52050080,53.6
2006-06-01,52050080,110.9
2006-07-01,52050080,15.8
2006-08-01,52050080,15.2
2006-09-01,52050080,16.2
2006-10-01,52050080,91.5
2006-11-01,52050080,159.0
2006-12-01,52050080,128.9
2007-01-01,52050080,60.6
2007-02-01,52050080,18.2
2007-03-01,52050080,133.1
2007-04-01,52050080,120.5
2007-05-01,52050080,70.8
2007-06-01,52050080,43.7
2007-07-01,52050080,44.1
2007-08-01,52050080,30.2
2007-09-01,52050080,3.7
2007-10-01,52050080,208.6
2007-11-01,52050080,149.4
2007-12-01,52050080,126.6
2008-01-01,52050080,144.3
2008-02-01,52050080,105.4
2008-03-01,52050080,127.0
2008-04-01,52050080,141.7
2008-05-01,52050080,191.3
2008-06-01,52050080,50.3
2008-07-01,52050080,12.1
2008-08-01,52050080,27.1
2008-09-01,52050080,27.0
2008-10-01,52050080,188.2
2008-11-01,52050080,155.7
2008-12-01,52050080,183.1
2009-01-01,52050080,129.3
2009-02-01,52050080,118.0
2009-03-01,52050080,123.5
2009-04-01,52050080,97.8
2009-05-01,52050080,64.8
2009-06-01,52050080,46.1
2009-07-01,52050080,21.5
2009-08-01,52050080,16.1
2009-09-01,52050080,36.8
2009-10-01,52050080,120.9
2009-11-01,52050080,127.6
2009-12-01,52050080,148.8
2010-01-01,52050080,9.8
2010-02-01,52050080,46.0
2010-03-01,52050080,39.7
2010-04-01,52050080,162.1
2010-05-01,52050080,159.3
2010-06-01,52050080,54.5
2010-07-01,52050080,96.5
2010-08-01,52050080,14.0
2010-09-01,52050080,54.7
2010-10-01,52050080,142.3
2010-11-01,52050080,266.5
2010-12-01,52050080,123.1
2011-01-01,52050080,89.2
2011-02-01,52050080,150.3
2011-03-01,52050080,131.3
2011-04-01,52050080,170.3
2011-05-01,52050080,85.8
2011-06-01,52050080,59.2
2011-07-01,52050080,81.2
2011-08-01,52050080,18.3
2011-09-01,52050080,33.2
2011-10-01,52050080,138.0
2011-11-01,52050080,101.8
2011-12-01,52050080,217.5
2012-01-01,52050080,216.3
2012-02-01,52050080,98.9
2012-03-01,52050080,93.9
2012-04-01,52050080,167.7
2012-05-01,52050080,29.8
2012-06-01,52050080,10.4
2012-07-01,52050080,7.0
2012-09-01,52050080,0.0
2012-10-01,52050080,80.2
2012-11-01,52050080,92.1
2012-12-01,52050080,50.4
2013-01-01,52050080,33.3
2013-02-01,52050080,156.2
2013-03-01,52050080,67.3
2013-04-01,52050080,53.2
2013-05-01,52050080,184.5
2013-06-01,52050080,7.1
2013-07-01,52050080,39.2
2013-08-01,52050080,22.3
2013-09-01,52050080,9.2
2013-10-01,52050080,62.7
2013-11-01,52050080,75.8
2013-12-01,52050080,60.7
2014-01-01,52050080,144.1
2014-02-01,52050080,45.9
2014-03-01,52050080,185.1
2014-04-01,52050080,59.4
2014-05-01,52050080,202.3
2014-06-01,52050080,84.2
2014-07-01,52050080,20.0
2014-08-01,52050080,9.8
2014-09-01,52050080,33.7
2014-10-01,52050080,155.7
2014-11-01,52050080,164.3
2014-12-01,52050080,181.7
2015-01-01,52050080,89.8
2015-02-01,52050080,29.8
2015-03-01,52050080,70.4
2015-04-01,52050080,76.7
2015-05-01,52050080,22.9
2015-06-01,52050080,10.4
2015-07-01,52050080,30.2
2015-08-01,52050080,5.0
2015-09-01,52050080,5.9
2015-10-01,52050080,91.9
2015-11-01,52050080,104.1
2015-12-01,52050080,4.2
2006-01-01,52060040,307.8
2006-02-01,52060040,266.2
2006-03-01,52060040,197.5
2006-04-01,52060040,383.4
2006-05-01,52060040,221.5
2006-06-01,52060040,199.9
2006-07-01,52060040,29.6
2006-08-01,52060040,7.9
2006-09-01,52060040,34.0
2006-10-01,52060040,320.3
2006-11-01,52060040,578.1
2006-12-01,52060040,561.9
2007-01-01,52060040,243.8
2007-02-01,52060040,101.4
2007-03-01,52060040,241.6
2007-04-01,52060040,241.4
2007-05-01,52060040,400.1
2007-06-01,52060040,98.7
2007-07-01,52060040,89.9
2007-08-01,52060040,50.3
2007-09-01,52060040,7.5
2007-10-01,52060040,377.3
2007-11-01,52060040,320.6
2007-12-01,52060040,563.4
2008-01-01,52060040,546.6
2008-02-01,52060040,322.5
2008-03-01,52060040,339.3
2008-04-01,52060040,274.4
2008-05-01,52060040,258.3
2008-06-01,52060040,155.2
2008-07-01,52060040,52.9
2008-08-01,52060040,106.5
2008-09-01,52060040,61.9
2008-10-01,52060040,356.9
2008-11-01,52060040,173.4
2008-12-01,52060040,564.1
2009-01-01,52060040,364.2
2009-02-01,52060040,307.1
2009-03-01,52060040,306.7
2009-04-01,52060040,177.5
2009-05-01,52060040,139.0
2009-06-01,52060040,170.4
2009-07-01,52060040,28.3
2009-08-01,52060040,53.1
2009-09-01,52060040,80.2
2009-10-01,52060040,208.2
2009-11-01,52060040,432.4
2009-12-01,52060040,305.4
2010-01-01,52060040,93.3
2010-02-01,52060040,190.6
2010-03-01,52060040,57.5
2010-04-01,52060040,347.5
2010-05-01,52060040,275.3
2010-06-01,52060040,124.9
2010-07-01,52060040,305.1
2010-08-01,52060040,47.6
2010-09-01,52060040,123.4
2010-10-01,52060040,411.7
2010-11-01,52060040,586.4
2010-12-01,52060040,590.5
2011-01-01,52060040,248.2
2011-02-01,52060040,428.8
2011-03-01,52060040,395.8
2011-04-01,52060040,445.3
2011-05-01,52060040,195.8
2011-06-01,52060040,142.2
2011-07-01,52060040,99.6
2011-08-01,52060040,67.0
2011-09-01,52060040,91.0
2011-10-01,52060040,223.0
2011-11-01,52060040,343.0
2011-12-01,52060040,283.0
2012-01-01,52060040,631.7
2012-02-01,52060040,213.1
2012-10-01,52060040,326.9
2012-11-01,52060040,378.9
2012-12-01,52060040,235.6
2013-01-01,52060040,209.8
2013-02-01,52060040,280.5
2013-03-01,52060040,218.6
2013-04-01,52060040,135.7
2013-05-01,52060040,304.7
2013-06-01,52060040,34.2
2013-07-01,52060040,48.5
2013-08-01,52060040,101.9
2013-09-01,52060040,113.5
2013-10-01,52060040,310.8
2013-11-01,52060040,310.3
2013-12-01,52060040,355.4
2014-01-01,52060040,363.9
2014-02-01,52060040,199.3
2014-03-01,52060040,299.2
2014-04-01,52060040,126.5
2014-05-01,52060040,348.9
2014-06-01,52060040,77.0
2014-07-01,52060040,11.4
2014-08-01,52060040,14.8
2014-09-01,52060040,175.3
2014-10-01,52060040,506.5
2014-11-01,52060040,344.1
2014-12-01,52060040,396.2
2015-01-01,52060040,147.9
2015-02-01,52060040,340.5
2015-03-01,52060040,216.2
2015-04-01,52060040,170.1
2015-05-01,52060040,27.7
2015-06-01,52060040,28.9
2015-07-01,52060040,62.0
2015-08-01,52060040,15.5
2015-09-01,52060040,28.8
2015-10-01,52060040,224.6
2015-11-01,52060040,433.5
2015-12-01,52060040,15.5
2006-01-01,52035040,55.3
2006-02-01,52035040,39.2
2006-03-01,52035040,96.4
2006-04-01,52035040,128.2
2006-05-01,52035040,59.5
2006-06-01,52035040,70.0
2006-07-01,52035040,2.4
2006-08-01,52035040,4.5
2006-09-01,52035040,13.7
2006-10-01,52035040,101.6
2006-11-01,52035040,177.2
2006-12-01,52035040,105.5
2007-01-01,52035040,20.7
2007-02-01,52035040,8.9
2007-03-01,52035040,146.2
2007-04-01,52035040,128.6
2007-05-01,52035040,117.9
2007-06-01,52035040,27.7
2007-07-01,52035040,28.8
2007-08-01,52035040,31.0
2007-09-01,52035040,7.4
2007-10-01,52035040,172.1
2007-11-01,52035040,91.1
2007-12-01,52035040,116.5
2008-01-01,52035040,78.4
2008-02-01,52035040,69.3
2008-03-01,52035040,71.3
2008-04-01,52035040,131.2
2008-05-01,52035040,99.4
2008-06-01,52035040,125.7
2008-07-01,52035040,40.0
2008-08-01,52035040,58.2
2008-09-01,52035040,27.2
2008-10-01,52035040,88.8
2008-11-01,52035040,78.0
2008-12-01,52035040,126.9
2009-01-01,52035040,66.2
2009-02-01,52035040,158.3
2009-03-01,52035040,109.9
2009-04-01,52035040,30.6
2009-05-01,52035040,56.6
2009-06-01,52035040,64.8
2009-07-01,52035040,13.4
2009-08-01,52035040,14.3
2009-09-01,52035040,33.2
2009-10-01,52035040,62.8
2009-11-01,52035040,69.0
2009-12-01,52035040,18.7
2010-01-01,52035040,11.2
2010-02-01,52035040,65.7
2010-03-01,52035040,7.1
2010-04-01,52035040,140.1
2010-05-01,52035040,48.6
2010-06-01,52035040,32.2
2010-07-01,52035040,122.6
2010-08-01,52035040,15.0
2010-09-01,52035040,53.8
2010-10-01,52035040,96.9
2010-11-01,52035040,243.2
2010-12-01,52035040,86.4
2011-01-01,52035040,53.0
2011-02-01,52035040,95.4
2011-03-01,52035040,100.1
2011-04-01,52035040,152.8
2011-05-01,52035040,69.6
2011-06-01,52035040,73.2
2011-07-01,52035040,61.2
2011-08-01,52035040,61.1
2011-09-01,52035040,14.8
2011-10-01,52035040,173.2
2011-11-01,52035040,116.0
2011-12-01,52035040,47.6
2012-01-01,52035040,70.0
2012-02-01,52035040,78.8
2012-03-01,52035040,102.6
2012-04-01,52035040,86.9
2012-05-01,52035040,22.9
2012-06-01,52035040,40.5
2012-07-01,52035040,1.3
2012-08-01,52035040,9.6
2012-09-01,52035040,0.7
2012-10-01,52035040,66.5
2012-11-01,52035040,116.1
2012-12-01,52035040,48.0
2013-01-01,52035040,13.0
2013-02-01,52035040,89.1
2013-03-01,52035040,79.0
2013-04-01,52035040,46.5
2013-05-01,52035040,141.0
2013-06-01,52035040,9.3
2013-07-01,52035040,8.0
2013-08-01,52035040,37.4
2013-09-01,52035040,24.2
2013-10-01,52035040,155.9
2013-11-01,52035040,58.4
2013-12-01,52035040,83.0
2014-01-01,52035040,85.2
2014-02-01,52035040,36.8
2014-03-01,52035040,125.9
2014-04-01,52035040,27.9
2014-05-01,52035040,150.0
2014-06-01,52035040,54.1
2014-07-01,52035040,6.2
2014-08-01,52035040,5.1
2014-09-01,52035040,57.1
2014-10-01,52035040,81.4
2014-11-01,52035040,103.4
2014-12-01,52035040,106.2
2015-01-01,52035040,79.3
2015-02-01,52035040,98.7
2015-03-01,52035040,146.8
2015-04-01,52035040,91.9
2015-05-01,52035040,29.4
2015-06-01,52035040,5.7
2015-07-01,52035040,14.7
2015-08-01,52035040,0.6
2015-09-01,52035040,11.7
2015-10-01,52035040,58.3
2015-11-01,52035040,58.7
2015-12-01,52035040,1.3
2006-01-01,52045070,104.3
2006-02-01,52045070,81.0
2006-03-01,52045070,159.4
2006-04-01,52045070,135.3
2006-05-01,52045070,104.8
2006-06-01,52045070,165.7
2006-07-01,52045070,85.4
2006-08-01,52045070,68.3
2006-09-01,52045070,70.5
2006-10-01,52045070,141.3
2006-11-01,52045070,121.0
2006-12-01,52045070,124.9
2007-01-01,52045070,74.2
2007-02-01,52045070,26.0
2007-03-01,52045070,146.4
2007-04-01,52045070,93.5
2007-05-01,52045070,66.3
2007-06-01,52045070,179.8
2007-07-01,52045070,100.2
2007-08-01,52045070,159.2
2007-09-01,52045070,69.4
2007-10-01,52045070,146.7
2007-11-01,52045070,199.5
2007-12-01,52045070,184.5
2008-01-01,52045070,184.1
2008-02-01,52045070,142.8
2008-03-01,52045070,175.7
2008-04-01,52045070,82.4
2008-05-01,52045070,134.4
2008-06-01,52045070,107.8
2008-07-01,52045070,153.9
2008-08-01,52045070,81.8
2008-09-01,52045070,87.0
2008-10-01,52045070,142.5
2008-11-01,52045070,177.9
2008-12-01,52045070,193.0
2009-01-01,52045070,182.1
2009-02-01,52045070,137.6
2009-03-01,52045070,199.1
2009-04-01,52045070,135.2
2009-05-01,52045070,78.5
2009-06-01,52045070,147.7
2009-07-01,52045070,136.4
2009-08-01,52045070,97.9
2009-09-01,52045070,61.2
2009-10-01,52045070,133.8
2009-11-01,52045070,63.3
2009-12-01,52045070,63.9
2010-01-01,52045070,29.4
2010-02-01,52045070,111.0
2010-03-01,52045070,81.4
2010-04-01,52045070,151.8
2010-05-01,52045070,140.3
2010-06-01,52045070,113.1
2010-07-01,52045070,106.2
2010-08-01,52045070,65.3
2010-09-01,52045070,67.0
2010-10-01,52045070,134.7
2010-11-01,52045070,276.3
2010-12-01,52045070,109.2
2011-01-01,52045070,83.6
2011-02-01,52045070,190.5
2011-03-01,52045070,186.4
2011-04-01,52045070,121.7
2011-05-01,52045070,204.5
2011-06-01,52045070,133.7
2011-07-01,52045070,223.9
2011-08-01,52045070,84.5
2011-09-01,52045070,142.8
2011-10-01,52045070,134.8
2011-11-01,52045070,127.1
2011-12-01,52045070,248.1
2012-01-01,52045070,165.9
2012-02-01,52045070,154.1
2012-03-01,52045070,151.5
2012-04-01,52045070,148.3
2012-05-01,52045070,113.3
2012-06-01,52045070,123.9
2012-07-01,52045070,123.7
2012-08-01,52045070,82.4
2012-09-01,52045070,48.0
2012-10-01,52045070,88.5
2012-12-01,52045070,106.3
2013-01-01,52045070,33.5
2013-02-01,52045070,161.6
2013-03-01,52045070,109.8
2013-04-01,52045070,117.5
2013-05-01,52045070,120.3
2013-06-01,52045070,89.2
2013-07-01,52045070,212.9
2013-08-01,52045070,145.9
2013-09-01,52045070,74.1
2013-10-01,52045070,88.9
2013-11-01,52045070,138.6
2013-12-01,52045070,108.0
2014-01-01,52045070,147.4
2014-02-01,52045070,35.0
2014-03-01,52045070,95.2
2014-04-01,52045070,91.5
2014-05-01,52045070,180.0
2014-06-01,52045070,190.6
2014-07-01,52045070,140.4
2014-08-01,52045070,100.5
2014-09-01,52045070,45.5
2014-10-01,52045070,161.6
2014-11-01,52045070,155.0
2014-12-01,52045070,129.2
2015-01-01,52045070,101.0
2015-02-01,52045070,49.3
2015-03-01,52045070,98.0
2015-04-01,52045070,82.4
2015-05-01,52045070,112.9
2015-06-01,52045070,163.0
2015-07-01,52045070,147.3
2015-08-01,52045070,101.1
2015-09-01,52045070,26.3
2015-10-01,52045070,68.2
2015-11-01,52045070,122.0
2015-12-01,52045070,27.7
2012-03-01,47015080,99.25
2012-04-01,47015080,150.3
2012-05-01,47015080,33.25
2012-07-01,47015080,34.0
2012-08-01,47015080,42.7
2012-09-01,47015080,11.6
2012-10-01,47015080,73.33333333333333
2010-11-01,51035020,313.23333333333335
2013-10-01,51035020,262.90000000000003
2008-03-01,52010060,189.65
2012-07-01,52030090,
2012-08-01,52030090,
2012-07-01,52040160,62.5
2012-08-01,52040160,33.666666666666664
2012-12-01,52040160,90.60000000000001
2012-11-01,52045070,178.125
2012-07-01,52050040,49.2
2014-07-01,52050040,40.24285714285714
2015-02-01,52050040,165.42857142857142
2015-12-01,52050040,9.633333333333333
2012-08-01,52050080,30.525000000000002
2012-04-01,52050130,333.5
2012-06-01,52050130,184.83333333333334
2012-07-01,52050130,145.70000000000002
2012-12-01,52050130,218.6
2012-10-01,52055220,190.42000000000002
2012-11-01,52055220,253.42
2012-03-01,52060040,253.9
2012-04-01,52060040,350.24000000000007
2012-05-01,52060040,279.88
2012-06-01,52060040,142.96
2012-07-01,52060040,107.15
2012-08-01,52060040,55.84000000000001
2012-09-01,52060040,93.88
2015-11-01,52060050,533.86
2015-12-01,52060050,260.475
2006-06-01,52065020,777.2
2006-07-01,52065020,274.0
2006-08-01,52065020,403.5
2006-09-01,52065020,664.0
2006-10-01,52065020,299.0
2012-10-01,52065020,238.5
2012-11-01,52065020,351.0
2012-12-01,52065020,91.1
2013-01-01,52065020,435.5
2013-02-01,52065020,366.0
2013-03-01,52065020,555.6
2013-04-01,52065020,848.5
2013-05-01,52065020,599.0
2014-02-01,52065020,524.0
2006-10-01,52070010,170.0
2015-05-01,52070010,600.9
2012-12-01,53010020,365.0
2014-10-01,53010020,368.0
2015-02-01,53010020,277.0
2015-05-01,53010020,467.0
2015-06-01,53010020,379.0
2010-10-01,53020010,261.25
2010-11-01,53020010,754.0
2010-12-01,53020010,642.5
2011-04-01,53020010,296.6
2011-05-01,53020010,318.7
2011-06-01,53020010,476.8
2011-07-01,53020010,775.9
2011-08-01,53020010,226.0
2011-09-01,53020010,326.1
2011-10-01,53020010,434.4
2011-11-01,53020010,63.3
2011-12-01,53020010,262.85
2012-01-01,53020010,535.95
2012-02-01,53020010,399.0
2012-03-01,53020010,224.8
2012-04-01,53020010,471.7
2012-05-01,53020010,546.7
2012-06-01,53020010,535.55
2012-07-01,53020010,267.7
